<?xml version='1.0' encoding='utf-8'?>
<!DOCTYPE hibernate-configuration PUBLIC
    "-//Hibernate/Hibernate Configuration DTD//EN"
    "http://hibernate.sourceforge.net/hibernate-configuration-3.0.dtd">
<hibernate-configuration>
    <session-factory>
        <!-- Database connection settings -->
        <property name="connection.driver_class">org.apache.derby.jdbc.ClientDriver
        </property>
        <property name="connection.url">jdbc:derby://localhost:1527/mydatabase
        </property>
        <property name="connection.username">app
        </property>
        <property name="connection.password">app
        </property>

        <!-- JDBC connection pool (use the built-in) -->
        <property name="connection.pool_size">1
        </property>

        <!-- SQL dialect -->
        <property name="dialect">org.hibernate.dialect.DerbyDialect
        </property>

        <!-- Echo all executed SQL to stdout -->
        <property name="show_sql">false
        </property>

        <!-- Mapping files -->
        <mapping resource="Person.hbm.xml"/>
    </session-factory>
</hibernate-configuration>